commit	paths	cluster	classification	disposition	talariaStatus	predecessors
7c7cd24d00b281d25b4cb9292fbc6acf0a45478a	hermes_cli/dashboard_auth/cookies.py	CLI01-dashboard-desktop-surface	desktop-only	desktop-only	none	none
5e57bf19a2d82b87f957332fcdeda655091ee6b6	hermes_cli/dashboard_auth/cookies.py;hermes_cli/dashboard_auth/routes.py	CLI01-dashboard-desktop-surface	desktop-only	desktop-only	none	none
52629a5de6561ff348e8e25819abd7be533d07d8	hermes_cli/dashboard_auth/cookies.py	CLI01-dashboard-desktop-surface	desktop-only	desktop-only	none	none
3f075d41dd593191b4bcf11fb608b72d698c3d3e	hermes_cli/_early_recovery.py;hermes_cli/_install_repair.py;hermes_cli/_scan_venv_blockers.py;hermes_cli/active_sessions.py;hermes_cli/auth.py;hermes_cli/backup.py;hermes_cli/banner.py;hermes_cli/cli_agent_setup_mixin.py;hermes_cli/cli_commands_mixin.py;hermes_cli/commands.py;hermes_cli/config.py;hermes_cli/config_defaults.py;hermes_cli/config_migrations.py;hermes_cli/console_engine.py;hermes_cli/cron.py;hermes_cli/dashboard_auth/native_flow.py;hermes_cli/dashboard_auth/routes.py;hermes_cli/dashboard_procs.py;hermes_cli/env_loader.py;hermes_cli/gateway.py;hermes_cli/kanban_db.py;hermes_cli/loops.py;hermes_cli/main.py;hermes_cli/managed_uv.py;hermes_cli/mcp_catalog.py;hermes_cli/model_cost_guard.py;hermes_cli/model_data_policy_guard.py;hermes_cli/model_selection_guards.py;hermes_cli/model_setup_flows.py;hermes_cli/model_switch.py;hermes_cli/models.py;hermes_cli/npm_engine.py;hermes_cli/observability/relay_shared_metrics.py;hermes_cli/oneshot.py;hermes_cli/pets.py;hermes_cli/plugins.py;hermes_cli/plugins_cmd.py;hermes_cli/projects_db.py;hermes_cli/pty_session.py;hermes_cli/runtime_provider.py;hermes_cli/secrets_cli.py;hermes_cli/service_manager.py;hermes_cli/session_export.py;hermes_cli/session_export_html.py;hermes_cli/session_lost_and_found.py;hermes_cli/sessions_cmd.py;hermes_cli/stderr_timestamp.py;hermes_cli/tips.py;hermes_cli/tools_config.py;hermes_cli/update_cmd.py;hermes_cli/urllib_security.py;hermes_cli/voice.py;hermes_cli/web_models.py	CLI00-merge-parent-integration	merge-integration	merge-integration	none	client-wire:W01-transcript-rewind-carriers
d65b7d0760235210f5cf29c0eaaf98fe10078546	hermes_cli/cron.py;hermes_cli/gateway.py;hermes_cli/update_cmd.py	CLI00-merge-parent-integration	merge-integration	merge-integration	none	client-wire:W01-transcript-rewind-carriers
fcea2175e23fdeb95f7e615f0cc7d6e5f3f485b0	hermes_cli/_early_recovery.py;hermes_cli/banner.py;hermes_cli/config.py;hermes_cli/env_loader.py;hermes_cli/gateway.py;hermes_cli/gitlock.py;hermes_cli/main.py;hermes_cli/runtime_provider.py;hermes_cli/tools_config.py;hermes_cli/update_cmd.py	CLI00-merge-parent-integration	merge-integration	merge-integration	none	client-wire:W01-transcript-rewind-carriers
7ca19874593becb81aa742aae5800eac8c9088d2	hermes_cli/_install_repair.py;hermes_cli/_scan_venv_blockers.py;hermes_cli/backup.py;hermes_cli/config_defaults.py;hermes_cli/foreign_sessions.py;hermes_cli/gateway.py;hermes_cli/inventory.py;hermes_cli/main.py;hermes_cli/mcp_config.py;hermes_cli/plugins.py;hermes_cli/pt_input_extras.py;hermes_cli/runtime_provider.py;hermes_cli/sessions_cmd.py;hermes_cli/skills_hub.py;hermes_cli/stderr_timestamp.py;hermes_cli/terminal_breadcrumbs.py;hermes_cli/tools_config.py	CLI00-merge-parent-integration	merge-integration	merge-integration	none	client-wire:W01-transcript-rewind-carriers
149757a63ad06bd25e8c590715a826d94d1f468c	hermes_cli/tools_config.py	CLI00-merge-parent-integration	merge-integration	merge-integration	none	core-runtime:R09-merge-parent-integration
723dbda0414ce2d8fdc86283b76302537d91b724	hermes_cli/_parser.py;hermes_cli/cli_commands_mixin.py;hermes_cli/main.py;hermes_cli/tools_config.py;hermes_cli/update_cmd.py	CLI00-merge-parent-integration	merge-integration	merge-integration	none	authority:C01-canonical-routing
336b3216d51938f790f28f08e85bfba9d3ea543f	hermes_cli/_install_repair.py;hermes_cli/config_defaults.py;hermes_cli/main.py;hermes_cli/models.py;hermes_cli/skills_hub.py;hermes_cli/subcommands/skills.py;hermes_cli/subcommands/update.py	CLI00-merge-parent-integration	merge-integration	merge-integration	none	core-runtime:R09-merge-parent-integration
a946169533c1bb11b8bdaf5b7da3708185a2b237	hermes_cli/main.py	CLI00-merge-parent-integration	merge-integration	merge-integration	none	none
052513f65b6db0b6328dfe8d2c7efb21849fdc3f	hermes_cli/_parser.py;hermes_cli/_startup_fast.py;hermes_cli/auth.py;hermes_cli/auth_commands.py;hermes_cli/backup.py;hermes_cli/bundles.py;hermes_cli/cli_agent_setup_mixin.py;hermes_cli/cli_commands_mixin.py;hermes_cli/cli_output.py;hermes_cli/commands.py;hermes_cli/config.py;hermes_cli/config_defaults.py;hermes_cli/config_migrations.py;hermes_cli/console_engine.py;hermes_cli/copilot_auth.py;hermes_cli/doctor.py;hermes_cli/dump.py;hermes_cli/foreign_sessions.py;hermes_cli/gateway.py;hermes_cli/inventory.py;hermes_cli/main.py;hermes_cli/memory_setup.py;hermes_cli/model_setup_flows.py;hermes_cli/models.py;hermes_cli/nous_subscription.py;hermes_cli/oneshot.py;hermes_cli/plugins.py;hermes_cli/plugins_cmd.py;hermes_cli/process_identity.py;hermes_cli/pt_input_extras.py;hermes_cli/relay_plugin_cutover.py;hermes_cli/sessions_cmd.py;hermes_cli/setup.py;hermes_cli/setup_whatsapp_cloud.py;hermes_cli/skills_hub.py;hermes_cli/subcommands/update.py;hermes_cli/subcommands/version.py;hermes_cli/tips.py;hermes_cli/tools_config.py;hermes_cli/update_cmd.py;hermes_cli/worktree_cmd.py;hermes_cli/worktree_gc.py	CLI00-merge-parent-integration	merge-integration	merge-integration	none	authority:C01-canonical-routing
ba42346e99db4078e83ec6f1c0a16ea7e8c217cf	hermes_cli/update_cmd.py	CLI00-merge-parent-integration	merge-integration	merge-integration	none	none
1017a5627475dd490374abaea895f200a120d7d5	hermes_cli/models.py;hermes_cli/runtime_provider.py	CLI04-provider-catalog-host-runtime	gateway-host-runtime	dynamic-catalog-already-consumed	existing-model-options-consumer	none
c01cd26f959fb7c5bb21c89130d1d83c50012d0d	hermes_cli/models.py	CLI04-provider-catalog-host-runtime	gateway-host-runtime	dynamic-catalog-already-consumed	existing-model-options-consumer	none
d8047c303b1adc1eb38136861925ade6aa913f7d	hermes_cli/gateway.py;hermes_cli/update_cmd.py	CLI02-host-update-lifecycle	gateway-host-runtime	host-cli-only	none	none
42bd567a8064f9a2086527aa520a38cf4674e4d5	hermes_cli/gateway.py	CLI02-host-update-lifecycle	gateway-host-runtime	host-cli-only	none	none
28a9b6c565b1490aca79c10a6aae6d851a550a84	hermes_cli/auth.py;hermes_cli/main.py;hermes_cli/model_setup_flows.py;hermes_cli/models.py;hermes_cli/providers.py;hermes_cli/runtime_provider.py;hermes_cli/setup.py	CLI04-provider-catalog-host-runtime	gateway-host-runtime	dynamic-catalog-already-consumed	existing-model-options-consumer	core-runtime:R07-provider-and-host-runtime
ca06b8768999c32f0af2a7bf4542678dd883cf79	hermes_cli/auth.py;hermes_cli/model_setup_flows.py;hermes_cli/models.py;hermes_cli/runtime_provider.py	CLI04-provider-catalog-host-runtime	gateway-host-runtime	dynamic-catalog-already-consumed	existing-model-options-consumer	core-runtime:R07-provider-and-host-runtime
930be347f1e3efefae0aa2f98219b3d126abf0ce	hermes_cli/provider_catalog.py;hermes_cli/providers.py	CLI04-provider-catalog-host-runtime	gateway-host-runtime	dynamic-catalog-already-consumed	existing-model-options-consumer	none
40b4a3bfe1504c3e9b078fe25ff8503e24bb6a5d	hermes_cli/main.py;hermes_cli/update_receipt.py	CLI03-pr91-durable-update-recovery	durable-host-update-recovery	covered-by-pr91-excluded	pr91-excluded	none
f29ee96dd3b5bc4cd7a33ff16d69a1b4c911d344	hermes_cli/gateway.py;hermes_cli/update_cmd.py	CLI02-host-update-lifecycle	gateway-host-runtime	host-cli-only	none	none
30ccd01ba2a7dbf66e93bdd6f0dada663eff7150	hermes_cli/models.py;hermes_cli/setup.py	CLI04-provider-catalog-host-runtime	gateway-host-runtime	dynamic-catalog-already-consumed	existing-model-options-consumer	none
17d1095443bb72961fd22dc3bec4743c958a8ffa	hermes_cli/gateway.py;hermes_cli/main.py;hermes_cli/models.py;hermes_cli/setup.py;hermes_cli/update_cmd.py;hermes_cli/update_receipt.py	CLI00-merge-parent-integration	merge-integration	merge-integration	none	core-runtime:R09-merge-parent-integration
0aecadc17c5c6cfe5b1f50fdd88e65041cb3095c	hermes_cli/main.py;hermes_cli/subcommands/update.py;hermes_cli/update_cmd.py;hermes_cli/update_inventory.py	CLI03-pr91-durable-update-recovery	durable-host-update-recovery	covered-by-pr91-excluded	pr91-excluded	none
2a2307e68f10cb0e89c0114e068570f0543dd350	hermes_cli/auth.py;hermes_cli/inventory.py;hermes_cli/model_switch.py	CLI04-provider-catalog-host-runtime	gateway-host-runtime	dynamic-catalog-already-consumed	existing-model-options-consumer	none
624723130b50b64b291b9c538fae5ba3638abca5	hermes_cli/models.py	CLI04-provider-catalog-host-runtime	gateway-host-runtime	dynamic-catalog-already-consumed	existing-model-options-consumer	none
fcbd1076a93841fa88855acce810e342a5b78101	hermes_cli/__init__.py	CLI06-cli-local-management	host-cli-runtime	host-cli-only	none	none
abf87e7248b0218a56fb7f05be8379c7d19dfa7f	hermes_cli/__init__.py;hermes_cli/_install_repair.py;hermes_cli/_parser.py;hermes_cli/_startup_fast.py;hermes_cli/_subprocess_compat.py;hermes_cli/auth.py;hermes_cli/auth_commands.py;hermes_cli/backup.py;hermes_cli/banner.py;hermes_cli/build_info.py;hermes_cli/bundles.py;hermes_cli/claw.py;hermes_cli/cli_agent_setup_mixin.py;hermes_cli/cli_commands_mixin.py;hermes_cli/cli_output.py;hermes_cli/codex_models.py;hermes_cli/commands.py;hermes_cli/config.py;hermes_cli/config_defaults.py;hermes_cli/config_migrations.py;hermes_cli/console_engine.py;hermes_cli/copilot_auth.py;hermes_cli/cron.py;hermes_cli/curator.py;hermes_cli/dashboard_procs.py;hermes_cli/doctor.py;hermes_cli/dump.py;hermes_cli/foreign_sessions.py;hermes_cli/gateway.py;hermes_cli/gateway_enroll.py;hermes_cli/gateway_windows.py;hermes_cli/goals.py;hermes_cli/heartbeat.py;hermes_cli/inventory.py;hermes_cli/kanban.py;hermes_cli/kanban_db.py;hermes_cli/loops.py;hermes_cli/main.py;hermes_cli/memory_setup.py;hermes_cli/model_normalize.py;hermes_cli/model_setup_flows.py;hermes_cli/model_switch.py;hermes_cli/models.py;hermes_cli/nous_subscription.py;hermes_cli/observability/shared_metrics_contract.py;hermes_cli/oneshot.py;hermes_cli/plugins.py;hermes_cli/plugins_cmd.py;hermes_cli/process_identity.py;hermes_cli/profiles.py;hermes_cli/prompt_size.py;hermes_cli/provider_catalog.py;hermes_cli/providers.py;hermes_cli/pt_input_extras.py;hermes_cli/relay_plugin_cutover.py;hermes_cli/runtime_provider.py;hermes_cli/sessions_cmd.py;hermes_cli/setup.py;hermes_cli/setup_whatsapp_cloud.py;hermes_cli/skills_hub.py;hermes_cli/slash_exec.py;hermes_cli/subcommands/cron.py;hermes_cli/subcommands/peer.py;hermes_cli/subcommands/profile.py;hermes_cli/subcommands/skills.py;hermes_cli/subcommands/update.py;hermes_cli/subcommands/version.py;hermes_cli/tips.py;hermes_cli/tools_config.py;hermes_cli/update_cmd.py;hermes_cli/update_receipt.py;hermes_cli/web_git.py;hermes_cli/worktree_cmd.py;hermes_cli/worktree_gc.py	CLI00-merge-parent-integration	merge-integration	merge-integration	none	client-wire:W01-transcript-rewind-carriers
13fcf2fe38cde19e98b5350dee92143d93a552ab	hermes_cli/__init__.py;hermes_cli/auth.py;hermes_cli/gateway.py;hermes_cli/inventory.py;hermes_cli/main.py;hermes_cli/model_switch.py;hermes_cli/models.py;hermes_cli/setup.py;hermes_cli/subcommands/update.py;hermes_cli/update_cmd.py;hermes_cli/update_inventory.py;hermes_cli/update_receipt.py	CLI00-merge-parent-integration	merge-integration	merge-integration	none	core-runtime:R09-merge-parent-integration
a4bfd7e1449895810507edf27a76a03cbc49a348	hermes_cli/config_defaults.py	CLI01-dashboard-desktop-surface	desktop-only	desktop-only	none	none
a2da0ab797edf5e7ca7d3f64591facbbc37ec7f2	hermes_cli/profiles.py;hermes_cli/subcommands/cron.py	CLI09-bot-cron-existing-wire	portable-mobile-runtime	already-portable	existing-generic-cron-delivery	authority:C02-a2a-cron
15751166291cfa82b20b233d33aac61c1a07ade6	hermes_cli/backup.py;hermes_cli/update_cmd.py	CLI02-host-update-lifecycle	gateway-host-runtime	host-cli-only	none	none
67af79d7e1bd8264119c2f02b37a2a0686008666	hermes_cli/models.py	CLI04-provider-catalog-host-runtime	gateway-host-runtime	dynamic-catalog-already-consumed	existing-model-options-consumer	none
d9d967e07ab24c4f06c00ce67f53b6f88ef94064	hermes_cli/linux_desktop_entry.py	CLI01-dashboard-desktop-surface	desktop-only	desktop-only	none	none
1bf8bd2c7d2057de4fdf80236b0b017f7d7097e4	hermes_cli/model_search.py	CLI05-pr94-model-presentation	portable-mobile-presentation	implemented-unmerged-uncertified	pr94-unmerged-uncertified	none
01d8562fce28a77362e3e3ce7797f3aae57b1985	hermes_cli/auth.py;hermes_cli/models.py	CLI04-provider-catalog-host-runtime	gateway-host-runtime	dynamic-catalog-already-consumed	existing-model-options-consumer	none
907da145b6af089927a6d08904260f86f3813323	hermes_cli/models.py	CLI04-provider-catalog-host-runtime	gateway-host-runtime	dynamic-catalog-already-consumed	existing-model-options-consumer	none
bd93a5f3160dc84d1891e27b49bffeb88483d8f0	hermes_cli/auth.py;hermes_cli/inventory.py;hermes_cli/models.py	CLI05-pr94-model-presentation	portable-mobile-presentation	implemented-unmerged-uncertified	pr94-unmerged-uncertified	none
f9849c43a24d410cbc937daa2216c811b729b578	hermes_cli/backup.py	CLI02-host-update-lifecycle	gateway-host-runtime	host-cli-only	none	none
d422f7103ec6e43cf40abeb0d3c258a5244fdcd3	hermes_cli/backup.py	CLI02-host-update-lifecycle	gateway-host-runtime	host-cli-only	none	none
2fb1e62b2ee0723486893ed30d5b481f5ad0b5b6	hermes_cli/gateway.py	CLI02-host-update-lifecycle	gateway-host-runtime	host-cli-only	none	none
e5b96fcb10077f0b6ffaa06de6516dfcc510d992	hermes_cli/models.py;hermes_cli/runtime_provider.py	CLI04-provider-catalog-host-runtime	gateway-host-runtime	dynamic-catalog-already-consumed	existing-model-options-consumer	none
16476fad10e84c52767881d644c235a537e256e6	hermes_cli/models.py	CLI04-provider-catalog-host-runtime	gateway-host-runtime	dynamic-catalog-already-consumed	existing-model-options-consumer	none
41ca67c5b13489272150d1250bb1e4d5a0a19178	hermes_cli/runtime_provider.py	CLI04-provider-catalog-host-runtime	gateway-host-runtime	dynamic-catalog-already-consumed	existing-model-options-consumer	none
5cb7b521cfa7a10380834d8e637aa7800441fbe0	hermes_cli/models.py;hermes_cli/runtime_provider.py	CLI04-provider-catalog-host-runtime	gateway-host-runtime	dynamic-catalog-already-consumed	existing-model-options-consumer	none
bbbc50acc23694ba1d356f467f358da3244e93de	hermes_cli/config_defaults.py;hermes_cli/main.py;hermes_cli/update_cmd.py	CLI02-host-update-lifecycle	gateway-host-runtime	host-cli-only	none	none
91096bb2f05a85b1e58532fa04cf564d2113e297	hermes_cli/update_cmd.py	CLI02-host-update-lifecycle	gateway-host-runtime	host-cli-only	none	none
4fad27a10150e591c3be4473f1c62fe84c184568	hermes_cli/subcommands/update.py;hermes_cli/update_cmd.py	CLI02-host-update-lifecycle	gateway-host-runtime	host-cli-only	none	none
70151dd5493ffdf99327f26906a88e1bb1bc4f1a	hermes_cli/config_defaults.py;hermes_cli/subcommands/update.py	CLI06-cli-local-management	host-cli-runtime	host-cli-only	none	none
04acfb9673c641f6c3f511bfb88394d8dcb62c9f	hermes_cli/update_cmd.py	CLI02-host-update-lifecycle	gateway-host-runtime	host-cli-only	none	none
f5adeed3dca7f9c0536661888ae37a518ea2ce53	hermes_cli/cli_agent_setup_mixin.py	CLI06-cli-local-management	host-cli-runtime	host-cli-only	none	none
c02cac00ce4eed7cd860b74026fa9729e2752fcf	hermes_cli/update_cmd.py	CLI02-host-update-lifecycle	gateway-host-runtime	host-cli-only	none	none
7d6db4efb885856078e4d19f804035226df81e0d	hermes_cli/update_cmd.py	CLI02-host-update-lifecycle	gateway-host-runtime	host-cli-only	none	none
eac3f645efe73ac294e0fed0d427c1aa07eb951d	hermes_cli/update_cmd.py	CLI02-host-update-lifecycle	gateway-host-runtime	host-cli-only	none	none
01c14ad7f336c9fad67451e9fc6e3f149c2426e4	hermes_cli/update_cmd.py	CLI02-host-update-lifecycle	gateway-host-runtime	host-cli-only	none	none
8f30e9c77a9e7a7b5c8ab445a85062777c821491	hermes_cli/debug.py	CLI11-predecessor-covered	predecessor-covered	covered-by-predecessor	none	authority:C08-failed-turn-diagnostics
9782275b2a79368d6247c0ee9cd5418523a5df3f	hermes_cli/_install_repair.py;hermes_cli/update_cmd.py	CLI02-host-update-lifecycle	gateway-host-runtime	host-cli-only	none	none
a08b909199a5c4cdc83f6b2077f52d349ff4ba2c	hermes_cli/_install_repair.py	CLI02-host-update-lifecycle	gateway-host-runtime	host-cli-only	none	none
5b024c7cccb75e52d40d276315561447d6ce7a5e	hermes_cli/gateway.py	CLI02-host-update-lifecycle	gateway-host-runtime	host-cli-only	none	none
91fb175188d00a02ffaaccfdc495b577c42e0052	hermes_cli/gateway.py	CLI02-host-update-lifecycle	gateway-host-runtime	host-cli-only	none	none
83b09ebd0a11ad591a7e85fad02b89208b06f806	hermes_cli/gateway.py	CLI02-host-update-lifecycle	gateway-host-runtime	host-cli-only	none	none
596bfc557fd0018d4a05e8b4fcfdb51ca644e060	hermes_cli/gateway.py	CLI02-host-update-lifecycle	gateway-host-runtime	host-cli-only	none	none
a4f16e3fefdc537ef2e029006048444b9531839a	hermes_cli/gateway.py	CLI02-host-update-lifecycle	gateway-host-runtime	host-cli-only	none	none
a18f90847b46786880fb9b4975c94c0393fc6a58	hermes_cli/gateway.py	CLI02-host-update-lifecycle	gateway-host-runtime	host-cli-only	none	none
667c787a1c4b332ea763fb24910268fbd5f7a219	hermes_cli/gateway.py	CLI00-merge-parent-integration	merge-integration	merge-integration	none	none
261a4efb90d7dbe4e71786861858f721b4ab730c	hermes_cli/gateway.py	CLI00-merge-parent-integration	merge-integration	merge-integration	none	none
a5b326a471d2e5cdf6741fbfd0913c85f6866aaa	hermes_cli/_install_repair.py;hermes_cli/auth.py;hermes_cli/backup.py;hermes_cli/cli_agent_setup_mixin.py;hermes_cli/config_defaults.py;hermes_cli/debug.py;hermes_cli/gateway.py;hermes_cli/inventory.py;hermes_cli/linux_desktop_entry.py;hermes_cli/main.py;hermes_cli/model_search.py;hermes_cli/models.py;hermes_cli/profiles.py;hermes_cli/runtime_provider.py;hermes_cli/subcommands/cron.py;hermes_cli/subcommands/update.py;hermes_cli/update_cmd.py	CLI00-merge-parent-integration	merge-integration	merge-integration	none	client-wire:W01-transcript-rewind-carriers
36161457237358df5b888b1ccd848a4d32b4cc63	hermes_cli/config_defaults.py	CLI06-cli-local-management	host-cli-runtime	host-cli-only	none	none
a36d6704b67c5a5d45ebffc283798ee4525e44b9	hermes_cli/config_defaults.py	CLI00-merge-parent-integration	merge-integration	merge-integration	none	core-runtime:R09-merge-parent-integration
679e9cd2943dddf59f50486c265a7ab110ad0f19	hermes_cli/_install_repair.py;hermes_cli/main.py;hermes_cli/update_cmd.py	CLI02-host-update-lifecycle	gateway-host-runtime	host-cli-only	none	none
5d5179d7a9c0b1535cb11254835f9dbb53bd7e80	hermes_cli/uninstall.py	CLI02-host-update-lifecycle	gateway-host-runtime	host-cli-only	none	none
60b6269142db284f5142a73b4be8e6d78c0661a3	hermes_cli/update_inventory.py;hermes_cli/update_receipt.py	CLI03-pr91-durable-update-recovery	durable-host-update-recovery	covered-by-pr91-excluded	pr91-excluded	none
7a54ab22e648a0d2d7e740fad908dda93f025820	hermes_cli/update_inventory.py	CLI03-pr91-durable-update-recovery	durable-host-update-recovery	covered-by-pr91-excluded	pr91-excluded	none
fe95ed3930e3fe203c703a3893928e31b5ccbb69	hermes_cli/_install_repair.py;hermes_cli/auth.py;hermes_cli/backup.py;hermes_cli/cli_agent_setup_mixin.py;hermes_cli/config_defaults.py;hermes_cli/debug.py;hermes_cli/gateway.py;hermes_cli/inventory.py;hermes_cli/linux_desktop_entry.py;hermes_cli/main.py;hermes_cli/model_search.py;hermes_cli/models.py;hermes_cli/profiles.py;hermes_cli/runtime_provider.py;hermes_cli/subcommands/cron.py;hermes_cli/subcommands/update.py;hermes_cli/uninstall.py;hermes_cli/update_cmd.py;hermes_cli/update_inventory.py;hermes_cli/update_receipt.py	CLI00-merge-parent-integration	merge-integration	merge-integration	none	core-runtime:R09-merge-parent-integration
83864c0b5d8464bdd1afa3b6bae2d9b57332055c	hermes_cli/_install_repair.py;hermes_cli/main.py;hermes_cli/update_cmd.py	CLI02-host-update-lifecycle	gateway-host-runtime	host-cli-only	none	none
0c435f4601c009eee91357cd9f46557dfb10f127	hermes_cli/update_cmd.py	CLI02-host-update-lifecycle	gateway-host-runtime	host-cli-only	none	none
0b01599eefcb2ec8d464c8c7b2b11289bb37c207	hermes_cli/_install_repair.py	CLI02-host-update-lifecycle	gateway-host-runtime	host-cli-only	none	none
c9c44d0df92279815bfd00ad53b82a256781d497	hermes_cli/_install_repair.py;hermes_cli/main.py;hermes_cli/uninstall.py;hermes_cli/update_cmd.py	CLI00-merge-parent-integration	merge-integration	merge-integration	none	none
4ccc4b69319879faf568b38aea140ea443e0e8de	hermes_cli/main.py;hermes_cli/update_cmd.py	CLI02-host-update-lifecycle	gateway-host-runtime	host-cli-only	none	none
f4067774aa45f1d86bdc49f5319d7eeb080ca7be	hermes_cli/update_cmd.py	CLI02-host-update-lifecycle	gateway-host-runtime	host-cli-only	none	none
4edb24276fb334a64ef310f29b13aaca9baeb9df	hermes_cli/nous_subscription.py	CLI04-provider-catalog-host-runtime	gateway-host-runtime	dynamic-catalog-already-consumed	existing-model-options-consumer	none
ce9ddd35e7922594ef6fc2a468bbf3b3b5765c86	hermes_cli/nous_subscription.py	CLI04-provider-catalog-host-runtime	gateway-host-runtime	dynamic-catalog-already-consumed	existing-model-options-consumer	none
8b86097a62ad9d35c74a6a62e2cf233c5ceb038d	hermes_cli/config.py;hermes_cli/nous_subscription.py	CLI04-provider-catalog-host-runtime	gateway-host-runtime	dynamic-catalog-already-consumed	existing-model-options-consumer	none
4ec57d56a941e8785e971d9e642f2545a9814a6f	hermes_cli/inventory.py	CLI04-provider-catalog-host-runtime	gateway-host-runtime	dynamic-catalog-already-consumed	existing-model-options-consumer	none
4f0e466e5d1cc136fbef19b38a75dd4c936c0834	hermes_cli/inventory.py	CLI04-provider-catalog-host-runtime	gateway-host-runtime	dynamic-catalog-already-consumed	existing-model-options-consumer	none
0404020f7b944398db529a0d09726a0e5f3c06a4	hermes_cli/__init__.py;hermes_cli/_install_repair.py;hermes_cli/auth.py;hermes_cli/backup.py;hermes_cli/build_info.py;hermes_cli/cli_agent_setup_mixin.py;hermes_cli/config.py;hermes_cli/config_defaults.py;hermes_cli/cron.py;hermes_cli/debug.py;hermes_cli/gateway.py;hermes_cli/gateway_enroll.py;hermes_cli/goals.py;hermes_cli/inventory.py;hermes_cli/linux_desktop_entry.py;hermes_cli/main.py;hermes_cli/model_normalize.py;hermes_cli/model_search.py;hermes_cli/model_setup_flows.py;hermes_cli/model_switch.py;hermes_cli/models.py;hermes_cli/nous_subscription.py;hermes_cli/profiles.py;hermes_cli/provider_catalog.py;hermes_cli/providers.py;hermes_cli/runtime_provider.py;hermes_cli/setup.py;hermes_cli/subcommands/cron.py;hermes_cli/subcommands/update.py;hermes_cli/uninstall.py;hermes_cli/update_cmd.py;hermes_cli/update_inventory.py;hermes_cli/update_receipt.py	CLI00-merge-parent-integration	merge-integration	merge-integration	none	authority:C01-canonical-routing
8ede2e147278e2448d20fe310249b8cffa9cf463	hermes_cli/models.py	CLI04-provider-catalog-host-runtime	gateway-host-runtime	dynamic-catalog-already-consumed	existing-model-options-consumer	none
9ce46a09681c0b632aecdedfc74bbe25fbaf3e15	hermes_cli/models.py	CLI04-provider-catalog-host-runtime	gateway-host-runtime	dynamic-catalog-already-consumed	existing-model-options-consumer	none
3503c06d80aff4a553837660ff7fd495be732b5d	hermes_cli/auth.py	CLI04-provider-catalog-host-runtime	gateway-host-runtime	dynamic-catalog-already-consumed	existing-model-options-consumer	none
b9f17ba3f10a9947ba69a5ab6cc4faa938235a44	hermes_cli/auth.py	CLI04-provider-catalog-host-runtime	gateway-host-runtime	dynamic-catalog-already-consumed	existing-model-options-consumer	none
5f0a8f8739a0d993dc60dbd3c070ef883ed26964	hermes_cli/auth.py	CLI04-provider-catalog-host-runtime	gateway-host-runtime	dynamic-catalog-already-consumed	existing-model-options-consumer	none
1684877868807aad695dd714b9109a216d5741ae	hermes_cli/update_cmd.py;hermes_cli/update_receipt.py	CLI03-pr91-durable-update-recovery	durable-host-update-recovery	covered-by-pr91-excluded	pr91-excluded	none
e366df6889e8554870ab1ededd83e70eb5ab0235	hermes_cli/update_cmd.py	CLI02-host-update-lifecycle	gateway-host-runtime	host-cli-only	none	none
b44c2bdab28326e568abad176261b012a0858c6e	hermes_cli/dashboard_procs.py	CLI01-dashboard-desktop-surface	desktop-only	desktop-only	none	none
3c44cd0c67b5a88aa7b2846d1a5304f18334db26	hermes_cli/dashboard_procs.py	CLI01-dashboard-desktop-surface	desktop-only	desktop-only	none	none
503d863fcd2cbfc0be5a6d6c536fae2e98aa4204	hermes_cli/_early_recovery.py;hermes_cli/_install_repair.py;hermes_cli/main.py	CLI02-host-update-lifecycle	gateway-host-runtime	host-cli-only	none	none
63a9c26fbe6ca50138814111c21a4f4550ea85c1	hermes_cli/codex_models.py;hermes_cli/models.py	CLI04-provider-catalog-host-runtime	gateway-host-runtime	dynamic-catalog-already-consumed	existing-model-options-consumer	none
7b89e177745fab390d2e7bdbf5e231bf164be24f	hermes_cli/models.py	CLI04-provider-catalog-host-runtime	gateway-host-runtime	dynamic-catalog-already-consumed	existing-model-options-consumer	none
13f9d18e33cc1bf5d8b13e7d6f480c4bb7f9a2b7	hermes_cli/main.py	CLI06-cli-local-management	host-cli-runtime	host-cli-only	none	none
33e813da17fc7aeaff90ae96a03c9674c46100f6	hermes_cli/main.py	CLI06-cli-local-management	host-cli-runtime	host-cli-only	none	none
5c1a304ce890276a4334d8ced3f29ffeedbbbf93	hermes_cli/main.py	CLI06-cli-local-management	host-cli-runtime	host-cli-only	none	none
10f0d2278bf7ea7dd005e5c8b1b9dc47d108a1ec	hermes_cli/config_defaults.py	CLI01-dashboard-desktop-surface	desktop-only	desktop-only	none	client-wire:W08-client-direct-voice
08f5a0a98ba5094ef8ffe8d460037a83565620fe	hermes_cli/update_cmd.py	CLI02-host-update-lifecycle	gateway-host-runtime	host-cli-only	none	none
6ce145f38f8189d70777d2321144a159ad40fb5d	hermes_cli/update_cmd.py	CLI02-host-update-lifecycle	gateway-host-runtime	host-cli-only	none	none
fbfdb9312b4c5aa18ce4232ffd039451219874cd	hermes_cli/update_cmd.py	CLI02-host-update-lifecycle	gateway-host-runtime	host-cli-only	none	none
0c14f060dbd325b41e287ab9c69b8c38ff9fa7ad	hermes_cli/update_cmd.py	CLI02-host-update-lifecycle	gateway-host-runtime	host-cli-only	none	none
231e613d3d66a9e3d150741481839092053b2f3e	hermes_cli/subcommands/peer.py	CLI08-profile-peer-host-safety	gateway-host-runtime	verify-on-host	none	none
9e18197745cc12f2c93196d67260bdcd23b51adb	hermes_cli/config_defaults.py;hermes_cli/oneshot.py	CLI11-predecessor-covered	predecessor-covered	covered-by-predecessor	none	core-runtime:R06-terminal-process-and-host-lifecycle
6cb1085d3d8b7af6849ff902dc58a88b7408da0c	hermes_cli/profiles.py	CLI08-profile-peer-host-safety	gateway-host-runtime	verify-on-host	none	none
dfcef70061583ed98be8503756744c19423e73d7	hermes_cli/gateway.py;hermes_cli/update_cmd.py	CLI02-host-update-lifecycle	gateway-host-runtime	host-cli-only	none	none
1bf93660f1d7a5c7d37ba525687af245044ad2ea	hermes_cli/gateway.py;hermes_cli/update_cmd.py	CLI02-host-update-lifecycle	gateway-host-runtime	host-cli-only	none	none
18b7fc82b66f2850172a45d0e08b8c11d27e63cb	hermes_cli/update_cmd.py;hermes_cli/update_inventory.py	CLI03-pr91-durable-update-recovery	durable-host-update-recovery	covered-by-pr91-excluded	pr91-excluded	none
706f33d42415d706b8f93dd299f4b317428e4a6b	hermes_cli/update_cmd.py	CLI02-host-update-lifecycle	gateway-host-runtime	host-cli-only	none	none
b96369212c2219acb3b13ba201945e22f4e8a543	hermes_cli/config_defaults.py	CLI06-cli-local-management	host-cli-runtime	host-cli-only	none	none
2eaa863112d2980bbe6f15ea409a6a29e50964fe	hermes_cli/config_defaults.py	CLI00-merge-parent-integration	merge-integration	merge-integration	none	authority:C05-attention-relay
ac3f9a2dc4fe20fc24c1cfbdabf500a9d2b41ef3	hermes_cli/config_defaults.py	CLI11-predecessor-covered	predecessor-covered	covered-by-predecessor	none	client-wire:W05-bot-relay-delivery
58a8cc7dd1557439578f2370e98a2c450f123109	hermes_cli/config_defaults.py	CLI06-cli-local-management	host-cli-runtime	host-cli-only	none	none
2df30612f9839f9bfde43d5fb541074e68b81bbb	hermes_cli/config_defaults.py	CLI00-merge-parent-integration	merge-integration	merge-integration	none	none
96df9525299c5b54645bdebecf2f0b9ecbcd1134	hermes_cli/config_defaults.py	CLI00-merge-parent-integration	merge-integration	merge-integration	none	none
b7cb32122312589edb967e1722d87bae48dd818e	hermes_cli/config.py	CLI11-predecessor-covered	predecessor-covered	covered-by-predecessor	none	client-wire:W06-dashboard-update-config
b2ade2388df1844e55ebd5b82f6dd91360b9fc6f	hermes_cli/dashboard_auth/registry.py;hermes_cli/plugins.py	CLI01-dashboard-desktop-surface	desktop-only	desktop-only	none	none
d861fbe55073dbd9e295eaf2c1fd16c8af54f7da	hermes_cli/plugins.py	CLI07-plugin-dashboard-host	dashboard-plugin-host	host-cli-only	none	none
0e038425db3db793ba827936250677c1b5970e6f	hermes_cli/gateway.py	CLI02-host-update-lifecycle	gateway-host-runtime	host-cli-only	none	core-runtime:R06-terminal-process-and-host-lifecycle
7cc92cb134d3fce998e0435f50b41c86d0e44966	hermes_cli/dashboard_auth/login_page.py	CLI01-dashboard-desktop-surface	desktop-only	desktop-only	none	none
bd13d593a9fc8c988db7ecf95426dbcc08293e3b	hermes_cli/dashboard_auth/login_page.py	CLI01-dashboard-desktop-surface	desktop-only	desktop-only	none	none
3eb761c51c5b1871d231ae45df233e31e1116ace	hermes_cli/dashboard_auth/login_page.py	CLI00-merge-parent-integration	merge-integration	merge-integration	none	core-runtime:R09-merge-parent-integration
12395e57b4a3e7fa3610408c043011ec7ba2f8ad	hermes_cli/cli_commands_mixin.py;hermes_cli/commands.py;hermes_cli/config_defaults.py	CLI11-predecessor-covered	predecessor-covered	covered-by-predecessor	none	client-wire:W07-approval-review
fdd8d75ba06e949c46d8fbb4037a0130b353dc60	hermes_cli/config_defaults.py	CLI11-predecessor-covered	predecessor-covered	covered-by-predecessor	none	client-wire:W09-ws-session-lifecycle
1c791cbfe67dcf0da5bdf6fdd80e075018d6df8d	hermes_cli/gateway.py	CLI02-host-update-lifecycle	gateway-host-runtime	host-cli-only	none	core-runtime:R06-terminal-process-and-host-lifecycle
65c58651b0e34ab3d2c25b7024609ef9c7b7ffef	hermes_cli/main.py	CLI11-predecessor-covered	predecessor-covered	covered-by-predecessor	none	client-wire:W06-dashboard-update-config
4202a508fdd977df1601ec90e578a850cf28be97	hermes_cli/config_defaults.py	CLI11-predecessor-covered	predecessor-covered	covered-by-predecessor	none	core-runtime:R02-review-and-subagent-lifecycle
74e6885f0d8df98c223feedeb032376fd834b3d9	hermes_cli/config_defaults.py	CLI11-predecessor-covered	predecessor-covered	covered-by-predecessor	none	core-runtime:R02-review-and-subagent-lifecycle
c4871226f1127a675ddfc47f07f9236738863a17	hermes_cli/runtime_provider.py	CLI04-provider-catalog-host-runtime	gateway-host-runtime	dynamic-catalog-already-consumed	existing-model-options-consumer	none
d3e4b50e68b8bc0f202ef1ba8f11d4f051f2c791	hermes_cli/config_defaults.py	CLI11-predecessor-covered	predecessor-covered	covered-by-predecessor	none	client-wire:W09-ws-session-lifecycle
47d6ce78a24920a5f1baa51332efb8b45d1fef19	hermes_cli/config_defaults.py	CLI11-predecessor-covered	predecessor-covered	covered-by-predecessor	none	client-wire:W09-ws-session-lifecycle
d3df14a7e368c2d3522bf91dace2f3054e26818d	hermes_cli/config_defaults.py;hermes_cli/main.py	CLI11-predecessor-covered	predecessor-covered	covered-by-predecessor	none	client-wire:W10-dashboard-security
c527b2c0a41d83577dd79fbd1724015363ca29df	hermes_cli/auth_commands.py	CLI04-provider-catalog-host-runtime	gateway-host-runtime	dynamic-catalog-already-consumed	existing-model-options-consumer	none
3a7c094582276a0358fe78159891d5759be9bbec	hermes_cli/auth_commands.py	CLI04-provider-catalog-host-runtime	gateway-host-runtime	dynamic-catalog-already-consumed	existing-model-options-consumer	none
030edf9774d5ce559ba0d6c943480e98a9524ed2	hermes_cli/auth_commands.py	CLI04-provider-catalog-host-runtime	gateway-host-runtime	dynamic-catalog-already-consumed	existing-model-options-consumer	none
8f3a82f96a654f66b52f8b2c9b98f35cc542a59b	hermes_cli/doctor.py	CLI06-cli-local-management	host-cli-runtime	host-cli-only	none	none
7caa731e80dd2b817caf391a8bc6197b135c2771	hermes_cli/curator.py	CLI06-cli-local-management	host-cli-runtime	host-cli-only	none	none
dd20c30dec51d0b3e3bffcafc3594f2d3a13dd3a	hermes_cli/curator.py	CLI06-cli-local-management	host-cli-runtime	host-cli-only	none	none
ef882a5595efb88f73295fb5b40fb390d5dd8505	hermes_cli/curator.py	CLI06-cli-local-management	host-cli-runtime	host-cli-only	none	none
91191123ed2374e160c8b6a86d2216627e2c9301	hermes_cli/dashboard_auth/base.py;hermes_cli/dashboard_auth/cookies.py	CLI01-dashboard-desktop-surface	desktop-only	desktop-only	none	none
9a91f7058c9728724d403304e50250af4e4433ab	hermes_cli/__init__.py;hermes_cli/_early_recovery.py;hermes_cli/_install_repair.py;hermes_cli/_parser.py;hermes_cli/_scan_venv_blockers.py;hermes_cli/_startup_fast.py;hermes_cli/_subprocess_compat.py;hermes_cli/active_sessions.py;hermes_cli/approval_transport.py;hermes_cli/auth.py;hermes_cli/auth_commands.py;hermes_cli/backup.py;hermes_cli/banner.py;hermes_cli/build_info.py;hermes_cli/bundles.py;hermes_cli/claw.py;hermes_cli/cli_agent_setup_mixin.py;hermes_cli/cli_commands_mixin.py;hermes_cli/cli_output.py;hermes_cli/codex_models.py;hermes_cli/commands.py;hermes_cli/config.py;hermes_cli/config_defaults.py;hermes_cli/config_migrations.py;hermes_cli/console_engine.py;hermes_cli/copilot_auth.py;hermes_cli/cron.py;hermes_cli/curator.py;hermes_cli/dashboard_auth/base.py;hermes_cli/dashboard_auth/cookies.py;hermes_cli/dashboard_auth/login_page.py;hermes_cli/dashboard_auth/native_flow.py;hermes_cli/dashboard_auth/registry.py;hermes_cli/dashboard_auth/routes.py;hermes_cli/dashboard_procs.py;hermes_cli/debug.py;hermes_cli/dep_ensure.py;hermes_cli/doctor.py;hermes_cli/doctor_live.py;hermes_cli/dump.py;hermes_cli/env_loader.py;hermes_cli/foreign_sessions.py;hermes_cli/gateway.py;hermes_cli/gateway_enroll.py;hermes_cli/gateway_windows.py;hermes_cli/gitlock.py;hermes_cli/goals.py;hermes_cli/heartbeat.py;hermes_cli/hooks.py;hermes_cli/inventory.py;hermes_cli/kanban.py;hermes_cli/kanban_db.py;hermes_cli/linux_desktop_entry.py;hermes_cli/loops.py;hermes_cli/main.py;hermes_cli/managed_uv.py;hermes_cli/mcp_catalog.py;hermes_cli/mcp_config.py;hermes_cli/memory_setup.py;hermes_cli/model_cost_guard.py;hermes_cli/model_data_policy_guard.py;hermes_cli/model_normalize.py;hermes_cli/model_search.py;hermes_cli/model_selection_guards.py;hermes_cli/model_setup_flows.py;hermes_cli/model_switch.py;hermes_cli/models.py;hermes_cli/nous_subscription.py;hermes_cli/npm_engine.py;hermes_cli/observability/relay_shared_metrics.py;hermes_cli/observability/shared_metrics_contract.py;hermes_cli/oneshot.py;hermes_cli/pets.py;hermes_cli/platform_actions.py;hermes_cli/plugin_capabilities.py;hermes_cli/plugin_dev.py;hermes_cli/plugin_index.py;hermes_cli/plugin_packs.py;hermes_cli/plugins.py;hermes_cli/plugins_cmd.py;hermes_cli/process_identity.py;hermes_cli/profiles.py;hermes_cli/projects_db.py;hermes_cli/prompt_size.py;hermes_cli/provider_catalog.py;hermes_cli/providers.py;hermes_cli/pt_input_extras.py;hermes_cli/pty_session.py;hermes_cli/relay_plugin_cutover.py;hermes_cli/resource_limits.py;hermes_cli/runtime_provider.py;hermes_cli/secrets_cli.py;hermes_cli/service_manager.py;hermes_cli/session_export.py;hermes_cli/session_export_html.py;hermes_cli/session_lost_and_found.py;hermes_cli/session_recovery.py;hermes_cli/sessions_cmd.py;hermes_cli/setup.py;hermes_cli/setup_whatsapp_cloud.py;hermes_cli/skills_hub.py;hermes_cli/slash_exec.py;hermes_cli/stderr_timestamp.py;hermes_cli/subcommands/cron.py;hermes_cli/subcommands/peer.py;hermes_cli/subcommands/plugins.py;hermes_cli/subcommands/profile.py;hermes_cli/subcommands/skills.py;hermes_cli/subcommands/update.py;hermes_cli/subcommands/version.py;hermes_cli/terminal_breadcrumbs.py;hermes_cli/tips.py;hermes_cli/tools_config.py;hermes_cli/uninstall.py;hermes_cli/update_cmd.py;hermes_cli/update_inventory.py;hermes_cli/update_receipt.py;hermes_cli/urllib_security.py;hermes_cli/voice.py;hermes_cli/web_git.py;hermes_cli/web_models.py;hermes_cli/worktree_cmd.py;hermes_cli/worktree_gc.py	CLI00-merge-parent-integration	merge-integration	merge-integration	none	core-runtime:R09-merge-parent-integration
53ab03dc4d408cde53035acf551c7d2f019f0ff5	hermes_cli/dashboard_auth/routes.py	CLI01-dashboard-desktop-surface	desktop-only	desktop-only	none	none
2332c997ed6e40b1a5a9452cc225feadf8dfc5d8	hermes_cli/dashboard_auth/base.py;hermes_cli/dashboard_auth/cookies.py;hermes_cli/dashboard_auth/routes.py	CLI00-merge-parent-integration	merge-integration	merge-integration	none	none
a0ca7c19204e514f9590ce3b812e029b315ab9e9	hermes_cli/console_engine.py;hermes_cli/cron.py;hermes_cli/subcommands/cron.py	CLI10-one-shot-rearm-contract	upstream-contract	upstream-contract-blocked	none	core-runtime:R05-cron-execution-and-retirement
e8ab3b075dc6e106a31e99f9031086233dd8a8c2	hermes_cli/cli_output.py	CLI06-cli-local-management	host-cli-runtime	host-cli-only	none	none
45aa0dc33e380fc181f2f902dfffd6bd21a969c6	hermes_cli/cli_output.py	CLI06-cli-local-management	host-cli-runtime	host-cli-only	none	none
1a95d0d58e59669f8dc1b0b955e372411f6be410	hermes_cli/_early_recovery.py;hermes_cli/_install_repair.py;hermes_cli/auth.py;hermes_cli/auth_commands.py;hermes_cli/cli_commands_mixin.py;hermes_cli/cli_output.py;hermes_cli/codex_models.py;hermes_cli/commands.py;hermes_cli/config.py;hermes_cli/config_defaults.py;hermes_cli/console_engine.py;hermes_cli/cron.py;hermes_cli/curator.py;hermes_cli/dashboard_auth/base.py;hermes_cli/dashboard_auth/cookies.py;hermes_cli/dashboard_auth/login_page.py;hermes_cli/dashboard_auth/registry.py;hermes_cli/dashboard_auth/routes.py;hermes_cli/dashboard_procs.py;hermes_cli/doctor.py;hermes_cli/gateway.py;hermes_cli/inventory.py;hermes_cli/main.py;hermes_cli/models.py;hermes_cli/nous_subscription.py;hermes_cli/oneshot.py;hermes_cli/plugins.py;hermes_cli/profiles.py;hermes_cli/runtime_provider.py;hermes_cli/subcommands/cron.py;hermes_cli/subcommands/peer.py;hermes_cli/uninstall.py;hermes_cli/update_cmd.py;hermes_cli/update_inventory.py;hermes_cli/update_receipt.py	CLI00-merge-parent-integration	merge-integration	merge-integration	none	client-wire:W01-transcript-rewind-carriers
8345effc4ef81f3593db134b0670ac3b61054032	hermes_cli/curses_ui.py;hermes_cli/main.py;hermes_cli/setup.py	CLI06-cli-local-management	host-cli-runtime	host-cli-only	none	none
b57530afee8830c0d3e3c0678991c94d33e76381	hermes_cli/curses_ui.py	CLI06-cli-local-management	host-cli-runtime	host-cli-only	none	none
3963fc6f219c21f50cb8116822ad2c4478a6f343	hermes_cli/config_migrations.py	CLI06-cli-local-management	host-cli-runtime	host-cli-only	none	none
694550e486a35484c04196a962a5ced7aea5fafe	hermes_cli/_parser.py;hermes_cli/main.py	CLI06-cli-local-management	host-cli-runtime	host-cli-only	none	none
905edf37a47581c08dc252d5d69d14ccdc4246fd	hermes_cli/_parser.py	CLI06-cli-local-management	host-cli-runtime	host-cli-only	none	none
d74bbb9bd9d6e1771b25b4906faaf921933af744	hermes_cli/update_cmd.py	CLI02-host-update-lifecycle	gateway-host-runtime	host-cli-only	none	none
93bf6f72253e4cd13744c7fd1d3804624a72780e	hermes_cli/main.py;hermes_cli/update_cmd.py	CLI02-host-update-lifecycle	gateway-host-runtime	host-cli-only	none	none
8d17060249e0d74fc309c913e7d283f6c0922de5	hermes_cli/main.py	CLI06-cli-local-management	host-cli-runtime	host-cli-only	none	none
a87d314e4475bf661cadb71dc2aad416d7bf121e	hermes_cli/auth.py	CLI04-provider-catalog-host-runtime	gateway-host-runtime	dynamic-catalog-already-consumed	existing-model-options-consumer	none
ec5e369fe68f4abb3188767c751d6166d2139f0a	hermes_cli/_parser.py;hermes_cli/auth.py;hermes_cli/config_migrations.py;hermes_cli/curses_ui.py;hermes_cli/main.py;hermes_cli/setup.py;hermes_cli/update_cmd.py	CLI00-merge-parent-integration	merge-integration	merge-integration	none	client-wire:W01-transcript-rewind-carriers
6e534df114097b86fa82b464f33830fc5c97e2fa	hermes_cli/_parser.py;hermes_cli/auth.py;hermes_cli/cli_output.py;hermes_cli/config_migrations.py;hermes_cli/curses_ui.py;hermes_cli/main.py;hermes_cli/setup.py;hermes_cli/update_cmd.py	CLI00-merge-parent-integration	merge-integration	merge-integration	none	core-runtime:R09-merge-parent-integration
5843b2f5959409d769c66eda89ca1e746983ded5	hermes_cli/cron.py	CLI11-predecessor-covered	predecessor-covered	covered-by-predecessor	none	core-runtime:R05-cron-execution-and-retirement
ddbd928ee4e881f0c7b3536a00355647c6559fe2	hermes_cli/cron.py	CLI11-predecessor-covered	predecessor-covered	covered-by-predecessor	none	core-runtime:R05-cron-execution-and-retirement
b595fcd5e16425a78b168881d9401b9d07e8e187	hermes_cli/config_defaults.py;hermes_cli/main.py	CLI01-dashboard-desktop-surface	desktop-only	desktop-only	none	none
057dcdf236f8a6a26721c10fcc6ccb72726e272a	hermes_cli/config_defaults.py;hermes_cli/main.py	CLI00-merge-parent-integration	merge-integration	merge-integration	none	core-runtime:R09-merge-parent-integration

